mision;matricula;agencia_nombre;clase_nave
Cientifica;524141;Solarbreeze;654
Espia;627932;Lotstring;987
Espia;355188;Kanlam;798
Militar;632349;Tampflex;147
Cientifica;584581;Zoolab;258
Cientifica;443447;Domainer;369
Espia;526524;Daltfresh;741
Cientifica;411580;Viva;852
Cientifica;807305;Zamit;963
Espia;699496;Flowdeskcito;753
Militar;885465;Bamity;951
Cientifica;956125;Aerified;456
Militar;513947;Bigtax;123
Militar;973065;Malentin;654
Militar;346507;KnockingTravel;987
Cientifica;975516;DomainerViaje;798
Cientifica;534664;HolaMundo;147
Espia;413872;Viajemania;258
Espia;903050;Bytecard;369
Militar;730727;Stronghold;741
Militar;691852;Tempsoft;852
Cientifica;586583;It;963
Espia;327338;Fix San;753
Militar;467129;MaikolsAgency;951
Cientifica;570508;ZathinAgency;456
Cientifica;747079;Wololo;123
Cientifica;947781;Cardguard;654
Cientifica;711116;Fintone;987
Militar;775245;Tin;798
Militar;803713;Zaam-Dox;147
Militar;943874;Konklab;258
Espia;685371;Pannier;369
Cientifica;646088;Voltsillam;741
Militar;443182;Flowdesk;852
Espia;813227;Tresom;963
Espia;841581;Job;753
Militar;711553;Rank;951
Militar;382237;Y-find;456
Militar;744330;Asoka;123
Espia;423735;Otcom;654
Espia;781570;Zathin;987
Espia;660139;Stringtough;798
Cientifica;572763;Asoka;147
Espia;873074;Gembucket;258
Militar;495608;Target;369
Espia;466798;GrupoFeliz;741
Espia;597735;Lotlux;852
Militar;655316;Agencialand;963
Espia;402173;Cambiando;753
Espia;730349;CantandoViajes;951
Cientifica;371478;Solarbreeze;654
Militar;525095;Lotstring;987
Militar;361053;Kanlam;798
Cientifica;389453;Tampflex;147
Militar;909559;Zoolab;258
Militar;399655;Domainer;369
Espia;814432;Daltfresh;741
Militar;506549;Viva;852
Militar;912692;Zamit;963
Espia;872685;Flowdeskcito;753
Espia;945521;Bamity;951
Espia;730570;Aerified;456
Cientifica;735902;Bigtax;123
Militar;860124;Malentin;654
Espia;829556;KnockingTravel;987
Militar;596969;DomainerViaje;798
Militar;955658;HolaMundo;147
Militar;367597;Viajemania;258
Espia;871481;Bytecard;369
Espia;634841;Stronghold;741
Militar;843755;Tempsoft;852
Espia;888210;It;963
Cientifica;480076;Fix San;753
Cientifica;919380;MaikolsAgency;951
Espia;866518;ZathinAgency;456
Cientifica;451735;Wololo;123
Militar;810343;Cardguard;654
Militar;474316;Fintone;987
Espia;984332;Tin;798
Cientifica;609394;Zaam-Dox;147
Espia;421851;Konklab;258
Cientifica;666228;Pannier;369
Cientifica;619766;Voltsillam;741
Militar;959788;Flowdesk;852
Espia;869771;Tresom;963
Espia;782355;Job;753
Militar;633785;Rank;951
Espia;554155;Y-find;456
Espia;958150;Asoka;123
Espia;471140;Otcom;654
Espia;475171;Zathin;987
Militar;654674;Stringtough;798
Espia;707457;Asoka;147
Cientifica;383920;Gembucket;258
Militar;634955;Target;369
Espia;897503;GrupoFeliz;741
Espia;528714;Lotlux;852
Cientifica;643195;Agencialand;963
Espia;905330;Cambiando;753
Militar;415075;CantandoViajes;951
Militar;552363;Solarbreeze;654
Espia;447869;Solarbreeze;654
Espia;665627;Lotstring;987
Militar;692695;Kanlam;798
Cientifica;372756;Tampflex;147
Militar;805246;Zoolab;258
Cientifica;823343;Domainer;369
Cientifica;656902;Daltfresh;741
Espia;655030;Viva;852
Espia;782505;Zamit;963
Cientifica;392849;Flowdeskcito;753
Cientifica;597951;Bamity;951
Espia;787854;Aerified;456
Militar;485206;Bigtax;123
Militar;902198;Malentin;654
Militar;502165;KnockingTravel;987
Militar;611679;DomainerViaje;798
Militar;695833;HolaMundo;147
Militar;984198;Viajemania;258
Espia;883390;Bytecard;369
Cientifica;805169;Stronghold;741
Cientifica;430939;Tempsoft;852
Militar;946995;It;963
Espia;434302;Fix San;753
Cientifica;335688;MaikolsAgency;951
Militar;663840;ZathinAgency;456
Cientifica;502946;Wololo;123
Cientifica;745355;Cardguard;654
Cientifica;886545;Fintone;987
Militar;747946;Tin;798
Espia;598787;Zaam-Dox;147
Cientifica;406259;Konklab;258
Cientifica;977787;Pannier;369
Cientifica;888082;Voltsillam;741
Cientifica;681167;Flowdesk;852
Militar;344628;Tresom;963
Militar;433904;Job;753
Espia;436571;Rank;951
Espia;660361;Y-find;456
Espia;421634;Asoka;123
Cientifica;831072;Otcom;654
Militar;433920;Zathin;987
Cientifica;502159;Stringtough;798
Cientifica;818940;Asoka;147
Militar;375552;Gembucket;258
Cientifica;491996;Target;369
Espia;916196;GrupoFeliz;741
Cientifica;936320;Lotlux;852
Cientifica;795041;Agencialand;963
Militar;756597;Cambiando;753
Cientifica;702505;CantandoViajes;951
Espia;829487;Solarbreeze;654
Cientifica;627191;Lotstring;987
Militar;343186;Kanlam;798
Espia;399709;Tampflex;147
Espia;683626;Zoolab;258
Espia;586442;Domainer;369
Cientifica;535947;Daltfresh;741
Cientifica;376916;Viva;852
Espia;508480;Zamit;963
Militar;838210;Flowdeskcito;753
Espia;929249;Bamity;951
Espia;757907;Aerified;456
Cientifica;606211;Bigtax;123
Espia;679319;Malentin;654
Cientifica;701382;KnockingTravel;987
Militar;395559;DomainerViaje;798
Militar;665493;HolaMundo;147
Espia;488055;Viajemania;258
Cientifica;411334;Bytecard;369
Cientifica;576589;Stronghold;741
Espia;825592;Tempsoft;852
Militar;862025;It;963
Espia;380786;Fix San;753
Cientifica;697911;MaikolsAgency;951
Militar;700417;ZathinAgency;456
Militar;778240;Wololo;123
Militar;811492;Cardguard;654
Militar;756499;Fintone;987
Espia;452476;Tin;798
Espia;504523;Zaam-Dox;147
Cientifica;476967;Konklab;258
Militar;593412;Pannier;369
Cientifica;884211;Voltsillam;741
Cientifica;550681;Flowdesk;852
Espia;344846;Tresom;963
Espia;722021;Job;753
Cientifica;523152;Rank;951
Cientifica;591822;Y-find;456
Cientifica;345052;Asoka;123
Espia;424949;Otcom;654
Espia;480015;Zathin;987
Militar;721712;Stringtough;798
Espia;918887;Asoka;147
Espia;761059;Gembucket;258
Militar;623945;Target;369
Espia;383695;GrupoFeliz;741
Militar;894103;Lotlux;852
Espia;795380;Agencialand;963
Espia;634314;Cambiando;753
Cientifica;617322;CantandoViajes;951
Militar;610747;CantandoViajes;951
Espia;456957;Solarbreeze;654
Cientifica;614284;Lotstring;987
Cientifica;878056;Kanlam;798
Militar;917678;Tampflex;147
Espia;492902;Zoolab;258
Cientifica;780029;Domainer;369
Militar;619175;Daltfresh;741
Militar;323771;Viva;852
Militar;760717;Zamit;963
Espia;794228;Flowdeskcito;753
Espia;498238;Bamity;951
Cientifica;591773;Aerified;456
Espia;619846;Bigtax;123
Espia;792005;Malentin;654
Militar;467294;KnockingTravel;987
Espia;821348;DomainerViaje;798
Cientifica;537805;HolaMundo;147
Militar;671327;Viajemania;258
Militar;701247;Bytecard;369
Cientifica;840944;Stronghold;741
Espia;656373;Tempsoft;852
Espia;769865;It;963
Cientifica;915162;Fix San;753
Cientifica;955902;MaikolsAgency;951
Militar;368569;ZathinAgency;456
Espia;389240;Wololo;123
Cientifica;688606;Cardguard;654
Militar;755829;Fintone;987
Militar;345056;Tin;798
Cientifica;838447;Zaam-Dox;147
Espia;691770;Konklab;258
Cientifica;468315;Pannier;369
Cientifica;919377;Voltsillam;741
Espia;617000;Flowdesk;852
Espia;673597;Tresom;963
Cientifica;600820;Job;753
Militar;935579;Rank;951
Cientifica;858534;Y-find;456
Militar;939925;Asoka;123
Militar;570443;Otcom;654
Cientifica;579717;Zathin;987
Cientifica;723861;Stringtough;798
Cientifica;375024;Asoka;147
Militar;784541;Gembucket;258
Espia;821020;Target;369
Espia;357977;GrupoFeliz;741
Cientifica;569622;Lotlux;852
Militar;771867;Agencialand;963
Espia;575090;Cambiando;753
Espia;870231;CantandoViajes;951
Cientifica;338327;Solarbreeze;654
Cientifica;513013;Lotstring;987
Espia;662783;Kanlam;798
Militar;972299;Tampflex;147
Militar;341433;Zoolab;258
Espia;384125;Domainer;369
Espia;882259;Daltfresh;741
Militar;651562;Viva;852
Militar;407034;Zamit;963
Espia;849540;Flowdeskcito;753
Espia;479305;Bamity;951
Espia;951749;Aerified;456
Cientifica;565602;Bigtax;123
Cientifica;935189;Malentin;654
Cientifica;724468;KnockingTravel;987
Cientifica;547021;DomainerViaje;798
Militar;447105;HolaMundo;147
Cientifica;738134;Viajemania;258
Militar;758323;Bytecard;369
Espia;610681;Stronghold;741
Militar;454390;Tempsoft;852
Militar;945153;It;963
Militar;957245;Fix San;753
Cientifica;618646;MaikolsAgency;951
Espia;638866;ZathinAgency;456
Militar;514814;Wololo;123
Cientifica;913367;Cardguard;654
Militar;343245;Fintone;987
Militar;359862;Tin;798
Cientifica;914126;Zaam-Dox;147
Cientifica;829755;Konklab;258
Cientifica;657939;Pannier;369
Militar;375059;Voltsillam;741
Espia;822940;Flowdesk;852
Cientifica;483538;Tresom;963
Espia;955314;Job;753
Militar;868219;Rank;951
Militar;563736;Y-find;456
Espia;337848;Asoka;123
Cientifica;887492;Otcom;654
Cientifica;325338;Zathin;987
Militar;868125;Stringtough;798
Militar;832179;Asoka;147
Espia;830647;Gembucket;258
Cientifica;798655;Target;369
Cientifica;909256;GrupoFeliz;741
Espia;373180;Lotlux;852
Espia;579295;Agencialand;963
Cientifica;948359;Cambiando;753
Cientifica;641464;CantandoViajes;951
Espia;568344;Lotstring;987
Militar;343133;Solarbreeze;654
Militar;725559;Lotstring;987
Espia;371107;Kanlam;798
Espia;354380;Tampflex;147
Espia;615786;Zoolab;258
Militar;472558;Domainer;369
Militar;586790;Daltfresh;741
Espia;730981;Viva;852
Espia;794921;Zamit;963
Cientifica;828974;Flowdeskcito;753
Cientifica;448327;Bamity;951
Militar;726472;Aerified;456
Militar;522575;Bigtax;123
Militar;831314;Malentin;654
Cientifica;694997;KnockingTravel;987
Militar;366171;DomainerViaje;798
Cientifica;611175;HolaMundo;147
Espia;580677;Viajemania;258
Cientifica;390363;Bytecard;369
Espia;911703;Stronghold;741
Cientifica;566093;Tempsoft;852
Cientifica;977363;It;963
Espia;396683;Fix San;753
Espia;574076;MaikolsAgency;951
Cientifica;495605;ZathinAgency;456
Cientifica;770359;Wololo;123
Cientifica;762124;Cardguard;654
Espia;865357;Fintone;987
Cientifica;681958;Tin;798
Militar;972354;Zaam-Dox;147
Militar;749348;Konklab;258
Espia;766242;Pannier;369
Militar;974838;Voltsillam;741
Cientifica;920191;Flowdesk;852
Espia;754883;Tresom;963
Cientifica;589316;Job;753
Militar;974802;Rank;951
Espia;638853;Y-find;456
Espia;350561;Asoka;123
Espia;481247;Otcom;654
Espia;633145;Zathin;987
Militar;812719;Stringtough;798
Militar;512162;Asoka;147
Militar;932798;Gembucket;258
Cientifica;500010;Target;369
Cientifica;395651;GrupoFeliz;741
Espia;476418;Lotlux;852
Militar;346458;Agencialand;963
Militar;651590;Cambiando;753
Cientifica;947286;CantandoViajes;951
Militar;752044;Solarbreeze;654
Espia;347178;Lotstring;987
Espia;721823;Kanlam;798
Espia;650849;Tampflex;147
Militar;483585;Zoolab;258
Militar;915237;Domainer;369
Espia;399139;Daltfresh;741
Espia;466543;Viva;852
Militar;438021;Zamit;963
Militar;788936;Flowdeskcito;753
Militar;713144;Bamity;951
Espia;923929;Aerified;456
Espia;706786;Bigtax;123
Militar;499600;Malentin;654
Militar;786255;KnockingTravel;987
Cientifica;440881;DomainerViaje;798
Espia;815550;HolaMundo;147
Espia;787017;Viajemania;258
Espia;543097;Bytecard;369
Espia;560812;Stronghold;741
Militar;882305;Tempsoft;852
Militar;339930;It;963
Cientifica;712887;Fix San;753
Cientifica;696663;MaikolsAgency;951
Cientifica;435346;ZathinAgency;456
Cientifica;613174;Wololo;123
Militar;464227;Cardguard;654
Cientifica;934565;Fintone;987
Cientifica;626981;Tin;798
Militar;700057;Zaam-Dox;147
Espia;903943;Konklab;258
Militar;447453;Pannier;369
Cientifica;800660;Voltsillam;741
Cientifica;520783;Flowdesk;852
Militar;788099;Tresom;963
Espia;650599;Job;753
Cientifica;868490;Rank;951
Espia;947651;Y-find;456
Espia;446438;Asoka;123
Espia;775608;Otcom;654
Militar;876210;Zathin;987
Cientifica;379826;Stringtough;798
Espia;719770;Asoka;147
Espia;837091;Gembucket;258
Espia;777440;Target;369
Cientifica;547423;GrupoFeliz;741
Espia;488493;Lotlux;852
Militar;805055;Agencialand;963
Cientifica;714766;Cambiando;753
Espia;679906;CantandoViajes;951
Cientifica;462045;Solarbreeze;654
Militar;970166;Lotstring;987
Espia;843784;Kanlam;798
Militar;722583;Tampflex;147
Militar;769476;Zoolab;258
Espia;733312;Domainer;369
Espia;874951;Daltfresh;741
Cientifica;844630;Viva;852
Espia;972837;Zamit;963
Cientifica;524531;Flowdeskcito;753
Militar;834882;Bamity;951
Cientifica;507210;Aerified;456
Cientifica;553427;Bigtax;123
Cientifica;776077;Malentin;654
Espia;416189;KnockingTravel;987
Militar;746307;DomainerViaje;798
Espia;364324;HolaMundo;147
Militar;982871;Viajemania;258
Espia;386242;Bytecard;369
Militar;472033;Stronghold;741
Cientifica;619463;Tempsoft;852
Espia;373683;It;963
Cientifica;650557;Fix San;753
Cientifica;393805;MaikolsAgency;951
Militar;423981;ZathinAgency;456
Militar;983449;Wololo;123
Cientifica;855089;Cardguard;654
Espia;476736;Fintone;987
Espia;876363;Tin;798
Cientifica;716961;Zaam-Dox;147
Espia;798317;Konklab;258
Cientifica;847067;Pannier;369
Militar;674011;Voltsillam;741
Cientifica;690538;Flowdesk;852
Espia;483909;Tresom;963
Cientifica;686088;Job;753
Cientifica;801489;Rank;951
Militar;735422;Y-find;456
Espia;874162;Asoka;123
Espia;775765;Otcom;654
Espia;906532;Zathin;987
Cientifica;725420;Stringtough;798
Cientifica;714406;Asoka;147
Espia;614584;Gembucket;258
Cientifica;496981;Target;369
Espia;605578;GrupoFeliz;741
Espia;545842;Lotlux;852
Militar;328359;Agencialand;963
Espia;337190;Cambiando;753
Espia;767894;CantandoViajes;951
Cientifica;419650;Solarbreeze;654
Militar;563918;Lotstring;987
Militar;814453;Kanlam;798
Espia;890122;Tampflex;147
Militar;346030;Zoolab;258
Espia;733417;Domainer;369
Militar;914372;Daltfresh;741
Cientifica;967552;Viva;852
Cientifica;898725;Zamit;963
Cientifica;680439;Flowdeskcito;753
Cientifica;653263;Bamity;951
Cientifica;823279;Aerified;456
Espia;794924;Bigtax;123
Cientifica;522464;Malentin;654
Militar;772910;KnockingTravel;987
Espia;380399;DomainerViaje;798
Cientifica;960215;HolaMundo;147
Militar;675433;Viajemania;258
Militar;949394;Bytecard;369
Militar;956385;Stronghold;741
Militar;427901;Tempsoft;852
Militar;828500;It;963
Cientifica;886821;Fix San;753
Militar;681029;MaikolsAgency;951
Espia;374273;ZathinAgency;456
Militar;913470;Wololo;123
Militar;983049;Cardguard;654
Militar;631453;Fintone;987
Espia;817590;Tin;798
Cientifica;624407;Zaam-Dox;147
Espia;734944;Konklab;258
Espia;547321;Pannier;369
Militar;559261;Voltsillam;741
Espia;899948;Flowdesk;852
Militar;665194;Tresom;963
Militar;902904;Job;753
Espia;794588;Rank;951
Cientifica;625263;Y-find;456
Cientifica;721895;Asoka;123
Militar;558606;Otcom;654
Militar;457910;Zathin;987
Espia;635359;Stringtough;798
Cientifica;655122;Asoka;147
Militar;367998;Gembucket;258
Espia;978266;Target;369
Espia;420947;GrupoFeliz;741
Militar;772861;Lotlux;852
Cientifica;474707;Agencialand;963
Cientifica;549746;Cambiando;753
Cientifica;532784;CantandoViajes;951
Militar;827119;Solarbreeze;654
Espia;597511;Solarbreeze;654
Espia;665765;Lotstring;987
Militar;516862;Kanlam;798
Cientifica;642525;Tampflex;147
Espia;408896;Zoolab;258
Espia;585314;Domainer;369
Militar;718220;Daltfresh;741
Cientifica;666229;Viva;852
Cientifica;754097;Zamit;963
Militar;745115;Flowdeskcito;753
Espia;768990;Bamity;951
Militar;737297;Aerified;456
Militar;568836;Bigtax;123
Militar;330977;Malentin;654
Militar;381882;KnockingTravel;987
Cientifica;563937;DomainerViaje;798
Militar;852756;HolaMundo;147
Espia;497471;Viajemania;258
Espia;849921;Bytecard;369
Militar;714481;Stronghold;741
Cientifica;436002;Tempsoft;852
Espia;805131;It;963
Militar;576124;Fix San;753
Espia;546655;MaikolsAgency;951
Espia;591575;ZathinAgency;456
Militar;331248;Wololo;123
Militar;906241;Cardguard;654
Militar;938479;Fintone;987
Cientifica;586525;Tin;798
Espia;865812;Zaam-Dox;147
Militar;456892;Konklab;258
Cientifica;614503;Pannier;369
Cientifica;535469;Voltsillam;741
Militar;921113;Flowdesk;852
Militar;529500;Tresom;963
Espia;649604;Job;753
Espia;695363;Rank;951
Cientifica;729100;Y-find;456
Cientifica;563164;Asoka;123
Militar;529100;Otcom;654
Espia;581487;Zathin;987
Espia;964984;Stringtough;798
Cientifica;368793;Asoka;147
Espia;946887;Gembucket;258
Espia;342375;Target;369
Militar;885558;GrupoFeliz;741
Militar;702225;Lotlux;852
Militar;663240;Agencialand;963
Cientifica;807179;Cambiando;753
Cientifica;696010;CantandoViajes;951
Espia;467864;Solarbreeze;654
Cientifica;461751;Lotstring;987
Cientifica;344793;Kanlam;798
Espia;360934;Tampflex;147
Militar;401435;Zoolab;258
Cientifica;821341;Domainer;369
Militar;886085;Daltfresh;741
Militar;738089;Viva;852
Militar;535879;Zamit;963
Espia;908709;Flowdeskcito;753
Militar;511940;Bamity;951
Cientifica;491217;Aerified;456
Espia;597826;Bigtax;123
Espia;725061;Malentin;654
Cientifica;541533;KnockingTravel;987
Militar;592788;DomainerViaje;798
Militar;802942;HolaMundo;147
Militar;788611;Viajemania;258
Militar;690821;Bytecard;369
Cientifica;747935;Stronghold;741
Espia;772067;Tempsoft;852
Cientifica;681828;It;963
Militar;612386;Fix San;753
Militar;540648;MaikolsAgency;951
Espia;879634;ZathinAgency;456
Militar;940185;Wololo;123
Espia;836172;Cardguard;654
Cientifica;371533;Fintone;987
Espia;695684;Tin;798
Espia;638454;Zaam-Dox;147
Cientifica;654288;Konklab;258
Militar;979901;Pannier;369
Militar;855938;Voltsillam;741
Cientifica;881738;Flowdesk;852
Espia;933437;Tresom;963
Espia;378520;Job;753
Militar;730753;Rank;951
Cientifica;685013;Y-find;456
Espia;925109;Asoka;123
Cientifica;667742;Otcom;654
Militar;781034;Zathin;987
Espia;627297;Stringtough;798
Espia;708569;Asoka;147
Espia;501456;Gembucket;258
Cientifica;501448;Target;369
Militar;334852;GrupoFeliz;741
Militar;324041;Lotlux;852
Cientifica;345621;Agencialand;963
Militar;381367;Cambiando;753
Militar;691855;CantandoViajes;951
Militar;552057;CantandoViajes;951
Militar;325484;Solarbreeze;654
Militar;342317;Lotstring;987
Espia;431028;Kanlam;798
Espia;374994;Tampflex;147
Espia;860783;Zoolab;258
Espia;896115;Domainer;369
Espia;851573;Daltfresh;741
Cientifica;941515;Viva;852
Espia;832690;Zamit;963
Cientifica;715396;Flowdeskcito;753
Espia;448149;Bamity;951
Militar;983432;Aerified;456
Cientifica;335435;Bigtax;123
Militar;935184;Malentin;654
Cientifica;522192;KnockingTravel;987
Cientifica;429413;DomainerViaje;798
Espia;557068;HolaMundo;147
Militar;466644;Viajemania;258
Cientifica;902076;Bytecard;369
Espia;430778;Stronghold;741
Cientifica;756051;Tempsoft;852
Cientifica;925017;It;963
Cientifica;486733;Fix San;753
Cientifica;520606;MaikolsAgency;951
Espia;874326;ZathinAgency;456
Cientifica;556090;Wololo;123
Cientifica;323891;Cardguard;654
Militar;602602;Fintone;987
Espia;630742;Tin;798
Espia;753305;Zaam-Dox;147
Cientifica;624278;Konklab;258
Militar;571623;Pannier;369
Militar;423608;Voltsillam;741
Cientifica;630971;Flowdesk;852
Cientifica;679845;Tresom;963
Militar;543451;Job;753
Espia;685960;Rank;951
Cientifica;707747;Y-find;456
Cientifica;985433;Asoka;123
Cientifica;804551;Otcom;654
Espia;413538;Zathin;987
Espia;346375;Stringtough;798
Espia;863363;Asoka;147
Cientifica;801061;Gembucket;258
Militar;949665;Target;369
Cientifica;921561;GrupoFeliz;741
Cientifica;895337;Lotlux;852
Militar;831449;Agencialand;963
Cientifica;521896;Cambiando;753
Cientifica;682213;CantandoViajes;951
Espia;679746;Solarbreeze;654
Militar;734970;Lotstring;987
Espia;631213;Kanlam;798
Militar;776452;Tampflex;147
Espia;724573;Zoolab;258
Espia;825432;Domainer;369
Cientifica;646193;Daltfresh;741
Militar;407158;Viva;852
Cientifica;921504;Zamit;963
Cientifica;450113;Flowdeskcito;753
Cientifica;570201;Bamity;951
Espia;544017;Aerified;456
Espia;391900;Bigtax;123
Militar;390992;Malentin;654
Espia;707892;KnockingTravel;987
Cientifica;876603;DomainerViaje;798
Militar;940646;HolaMundo;147
Militar;705334;Viajemania;258
Militar;986959;Bytecard;369
Militar;473570;Stronghold;741
Espia;959497;Tempsoft;852
Espia;700155;It;963
Espia;367374;Fix San;753
Militar;489213;MaikolsAgency;951
Militar;437763;ZathinAgency;456
Militar;916151;Wololo;123
Espia;599270;Cardguard;654
Cientifica;902938;Fintone;987
Espia;476970;Tin;798
Cientifica;461656;Zaam-Dox;147
Espia;869598;Konklab;258
Cientifica;897940;Pannier;369
Militar;465023;Voltsillam;741
Cientifica;515123;Flowdesk;852
Militar;947669;Tresom;963
Espia;512014;Job;753
Cientifica;481926;Rank;951
Espia;655861;Y-find;456
Espia;646464;Asoka;123
Militar;572470;Otcom;654
Espia;439407;Zathin;987
Espia;684394;Stringtough;798
Militar;545227;Asoka;147
Espia;349638;Gembucket;258
Espia;653527;Target;369
Militar;355760;GrupoFeliz;741
Cientifica;695545;Lotlux;852
Militar;388278;Agencialand;963
Militar;630905;Cambiando;753
Espia;502108;CantandoViajes;951
Cientifica;740158;Lotstring;987
Espia;605272;Solarbreeze;654
Cientifica;728714;Lotstring;987
Militar;785986;Kanlam;798
Espia;845881;Tampflex;147
Espia;740883;Zoolab;258
Espia;658955;Domainer;369
Espia;759398;Daltfresh;741
Cientifica;708766;Viva;852
Espia;912824;Zamit;963
Militar;740005;Flowdeskcito;753
Cientifica;839243;Bamity;951
Cientifica;622494;Aerified;456
Cientifica;594347;Bigtax;123
Militar;387535;Malentin;654
Espia;534085;KnockingTravel;987
Espia;446032;DomainerViaje;798
Cientifica;920092;HolaMundo;147
Espia;880403;Viajemania;258
Espia;966867;Bytecard;369
Cientifica;405318;Stronghold;741
Cientifica;474448;Tempsoft;852
Militar;322740;It;963
Militar;906983;Fix San;753
Cientifica;827107;MaikolsAgency;951
Espia;953538;ZathinAgency;456
Cientifica;540912;Wololo;123
Espia;360136;Cardguard;654
Militar;443864;Fintone;987
Militar;543643;Tin;798
Militar;322808;Zaam-Dox;147
Cientifica;672993;Konklab;258
Cientifica;809863;Pannier;369
Espia;875924;Voltsillam;741
Espia;585631;Flowdesk;852
Espia;384555;Tresom;963
Militar;949894;Job;753
Militar;335190;Rank;951
Militar;388730;Y-find;456
Cientifica;899404;Asoka;123
Espia;854399;Otcom;654
Espia;780125;Zathin;987
Militar;604910;Stringtough;798
Militar;885618;Asoka;147
Militar;969703;Gembucket;258
Espia;669519;Target;369
Espia;449646;GrupoFeliz;741
Cientifica;592452;Lotlux;852
Militar;848472;Agencialand;963
Militar;427115;Cambiando;753
Espia;753117;CantandoViajes;951
Cientifica;645821;Solarbreeze;654
Militar;771235;Lotstring;987
Militar;778236;Kanlam;798
Militar;322258;Tampflex;147
Espia;839916;Zoolab;258
Cientifica;572166;Domainer;369
Militar;983783;Daltfresh;741
Militar;715909;Viva;852
Militar;886460;Zamit;963
Militar;922568;Flowdeskcito;753
Cientifica;504582;Bamity;951
Espia;345053;Aerified;456
Espia;973005;Bigtax;123
Cientifica;658251;Malentin;654
Cientifica;739596;KnockingTravel;987
Militar;689677;DomainerViaje;798
Cientifica;674079;HolaMundo;147
Cientifica;815362;Viajemania;258
Espia;682755;Bytecard;369
Cientifica;572382;Stronghold;741
Espia;688090;Tempsoft;852
Espia;363625;It;963
Cientifica;774765;Fix San;753
Espia;877807;MaikolsAgency;951
Militar;591429;ZathinAgency;456
Cientifica;765963;Wololo;123
Espia;888662;Cardguard;654
Espia;490843;Fintone;987
Cientifica;525828;Tin;798
Espia;568733;Zaam-Dox;147
Espia;493506;Konklab;258
Cientifica;330377;Pannier;369
Militar;329230;Voltsillam;741
Militar;964389;Flowdesk;852
Cientifica;902288;Tresom;963
Militar;597281;Job;753
Militar;683269;Rank;951
Militar;500566;Y-find;456
Militar;785422;Asoka;123
Espia;507217;Otcom;654
Cientifica;702136;Zathin;987
Militar;465462;Stringtough;798
Espia;870670;Asoka;147
Cientifica;572365;Gembucket;258
Militar;642045;Target;369
Militar;735261;GrupoFeliz;741
Espia;922339;Lotlux;852
Cientifica;748723;Agencialand;963
Militar;342624;Cambiando;753
Espia;505579;CantandoViajes;951
Militar;350579;Solarbreeze;654
Espia;961168;Lotstring;987
Espia;963918;Kanlam;798
Militar;648904;Tampflex;147
Cientifica;578352;Zoolab;258
Militar;872431;Domainer;369
Militar;339609;Daltfresh;741
Cientifica;669676;Viva;852
Espia;957925;Zamit;963
Militar;489858;Flowdeskcito;753
Cientifica;976390;Bamity;951
Espia;529292;Aerified;456
Espia;476571;Bigtax;123
Cientifica;893638;Malentin;654
Espia;872611;KnockingTravel;987
Militar;698195;DomainerViaje;798
Espia;940998;HolaMundo;147
Espia;473391;Viajemania;258
Cientifica;911005;Bytecard;369
Espia;474757;Stronghold;741
Cientifica;679015;Tempsoft;852
Cientifica;711624;It;963
Espia;887893;Fix San;753
Cientifica;485721;MaikolsAgency;951
Cientifica;448933;ZathinAgency;456
Cientifica;844417;Wololo;123
Espia;717066;Cardguard;654
Cientifica;903519;Fintone;987
Cientifica;713664;Tin;798
Cientifica;845716;Zaam-Dox;147
Militar;436691;Konklab;258
Militar;947124;Pannier;369
Cientifica;493204;Voltsillam;741
Cientifica;801232;Flowdesk;852
Militar;615660;Tresom;963
Espia;640002;Job;753
Militar;753694;Rank;951
Cientifica;811802;Y-find;456
Militar;403457;Asoka;123
Espia;774584;Otcom;654
Militar;795209;Zathin;987
Militar;387703;Stringtough;798
Militar;926724;Asoka;147
Militar;436287;Gembucket;258
Militar;957166;Target;369
Cientifica;963105;GrupoFeliz;741
Cientifica;615196;Lotlux;852
Cientifica;802929;Agencialand;963
Cientifica;637716;Cambiando;753
Militar;408654;CantandoViajes;951
Militar;852706;Solarbreeze;654
Espia;600276;Lotstring;987
Espia;368030;Kanlam;798
Cientifica;420766;Tampflex;147
Espia;860144;Zoolab;258
Cientifica;339643;Domainer;369
Cientifica;908174;Daltfresh;741
Espia;911395;Viva;852
Militar;965494;Zamit;963
Militar;755509;Flowdeskcito;753
Espia;845379;Bamity;951
Militar;692804;Aerified;456
Cientifica;925980;Bigtax;123
Espia;975543;Malentin;654
Cientifica;728545;KnockingTravel;987
Espia;700928;DomainerViaje;798
Espia;865236;HolaMundo;147
Espia;918975;Viajemania;258
Espia;691991;Bytecard;369
Espia;868516;Stronghold;741
Espia;984112;Tempsoft;852
Militar;647270;It;963
Cientifica;468308;Fix San;753
Espia;468553;MaikolsAgency;951
Militar;494799;ZathinAgency;456
Cientifica;505951;Wololo;123
Cientifica;539633;Cardguard;654
Cientifica;700289;Fintone;987
Cientifica;703512;Tin;798
Militar;793547;Zaam-Dox;147
Espia;426313;Konklab;258
Cientifica;433946;Pannier;369
Militar;441434;Voltsillam;741
Cientifica;652341;Flowdesk;852
Militar;950633;Tresom;963
Espia;730173;Job;753
Cientifica;675278;Rank;951
Cientifica;736735;Y-find;456
Militar;912719;Asoka;123
Cientifica;707999;Otcom;654
Espia;486488;Zathin;987
Militar;418806;Stringtough;798
Cientifica;951709;Asoka;147
Militar;824912;Gembucket;258
Militar;970332;Target;369
Espia;608477;GrupoFeliz;741
Militar;817986;Lotlux;852
Cientifica;845234;Agencialand;963
Militar;574868;Cambiando;753
Cientifica;870975;CantandoViajes;951
Militar;978760;Solarbreeze;654
Cientifica;636223;Solarbreeze;654
Cientifica;878682;Lotstring;987
Espia;529226;Kanlam;798
Cientifica;980589;Tampflex;147
Cientifica;383460;Zoolab;258
Cientifica;569150;Domainer;369
Espia;539501;Daltfresh;741
Cientifica;906743;Viva;852
Espia;464918;Zamit;963
Espia;842942;Flowdeskcito;753
Militar;662483;Bamity;951
Espia;826790;Aerified;456
Cientifica;410165;Bigtax;123
Militar;904028;Malentin;654
Espia;438305;KnockingTravel;987
Cientifica;425043;DomainerViaje;798
Militar;356391;HolaMundo;147
Espia;776047;Viajemania;258
Militar;887210;Bytecard;369
Cientifica;805425;Stronghold;741
Cientifica;538466;Tempsoft;852
Militar;955526;It;963
Militar;953572;Fix San;753
Cientifica;716736;MaikolsAgency;951
Espia;472216;ZathinAgency;456
Espia;519479;Wololo;123
Espia;803604;Cardguard;654
Espia;391453;Fintone;987
Cientifica;769902;Tin;798
Militar;467130;Zaam-Dox;147
Espia;464522;Konklab;258
Cientifica;634187;Pannier;369
Espia;418863;Voltsillam;741
Cientifica;753136;Flowdesk;852
Espia;355663;Tresom;963
Espia;946302;Job;753
Cientifica;710693;Rank;951
Militar;908135;Y-find;456
Espia;731703;Asoka;123
Espia;590680;Otcom;654
Militar;743610;Zathin;987
Cientifica;511070;Stringtough;798
Militar;918762;Asoka;147
Militar;478160;Gembucket;258
Militar;640310;Target;369
Espia;892162;GrupoFeliz;741
Militar;330124;Lotlux;852
Militar;869806;Agencialand;963
Cientifica;525211;Cambiando;753
Cientifica;617473;CantandoViajes;951
Cientifica;944587;Solarbreeze;654
Militar;861370;Lotstring;987
Espia;881885;Kanlam;798
Espia;913679;Tampflex;147
Cientifica;522476;Zoolab;258
Cientifica;743907;Domainer;369
Espia;689899;Daltfresh;741
Espia;896724;Viva;852
Militar;726666;Zamit;963
Espia;434432;Flowdeskcito;753
Espia;816171;Bamity;951
Militar;783176;Aerified;456
Militar;615293;Bigtax;123
Espia;399238;Malentin;654
Militar;787258;KnockingTravel;987
Militar;402766;DomainerViaje;798
Militar;338471;HolaMundo;147
Cientifica;383862;Viajemania;258
Espia;731213;Bytecard;369
Cientifica;971034;Stronghold;741
Cientifica;514866;Tempsoft;852
Militar;631894;It;963
Espia;335653;Fix San;753
Espia;639280;MaikolsAgency;951
Espia;651985;ZathinAgency;456
Cientifica;734347;Wololo;123
Espia;877298;Cardguard;654
Espia;368361;Fintone;987
Cientifica;732040;Tin;798
Espia;804311;Zaam-Dox;147
Militar;637155;Konklab;258
Militar;452201;Pannier;369
Espia;982864;Voltsillam;741
Cientifica;866453;Flowdesk;852
Cientifica;442093;Tresom;963
Espia;979536;Job;753
Espia;419595;Rank;951
Cientifica;753666;Y-find;456
Militar;908155;Asoka;123
Cientifica;553670;Otcom;654
Espia;481180;Zathin;987
Militar;688074;Stringtough;798
Cientifica;914853;Asoka;147
Cientifica;1524141;Solarbreeze;20654
Espia;2627932;Lotstring;19987
Espia;3355188;Kanlam;18798
Militar;4632349;Tampflex;17147
Cientifica;5584581;Zoolab;16258
Cientifica;6443447;Domainer;15369
Espia;7526524;Daltfresh;14741
Cientifica;8411580;Viva;13852
Cientifica;9807305;Zamit;12963
Espia;699496;Flowdeskcito;11753
Militar;12885465;Bamity;9951
Cientifica;11956125;Aerified;8456
Militar;13513947;Bigtax;7123
Militar;14973065;Malentin;6654
Militar;15346507;KnockingTravel;5987
Cientifica;16975516;DomainerViaje;4798
Cientifica;17534664;HolaMundo;3147
Espia;18413872;Viajemania;2258
Espia;19903050;Bytecard;1369
